,"Meal, Inexpensive Restaurant","Meal for 2 People, Mid-range Restaurant, Three-course",Domestic Beer (0.5 liter draught),"Milk (regular), (1 liter)",Loaf of Fresh White Bread (500g),Eggs (regular) (12),Water (1.5 liter bottle),Bottle of Wine (Mid-Range),Cigarettes 20 Pack (Marlboro),One-way Ticket (Local Transport),"Chicken Breasts (Boneless, Skinless), (1kg)",Monthly Pass (Regular Price),Gasoline (1 liter),Volkswagen Golf,Apartment (1 bedroom) in City Centre,Apartment (1 bedroom) Outside of Centre,"Basic (Electricity, Heating, Cooling, Water, Garbage) for 85m2 Apartment",1 min. of Prepaid Mobile Tariff Local (No Discounts or Plans),"Internet (60 Mbps or More, Unlimited Data, Cable/ADSL)",Average Monthly Net Salary (After Tax),Taxi Start (Normal Tariff),Taxi 1km (Normal Tariff),Apples (1kg),Oranges (1kg),Potato (1kg),Lettuce (1 head),Cappuccino (regular),"Rice (white), (1kg)",Tomato (1kg),Banana (1kg),Onion (1kg),Beef Round (1kg) (or Equivalent Back Leg Red Meat),"Preschool (or Kindergarten), Full Day, Private, Monthly for 1 Child","International Primary School, Yearly for 1 Child"
"Saint Petersburg, Russia",7.34,29.35,2.2,0.98,0.71,1.18,0.63,5.87,2.2,0.59,3.96,42.56,0.67,19289.39,524.45,344.27,102.17,0.03,6.96,645.94,1.47,0.26,1.29,1.25,0.56,0.86,1.96,0.92,1.91,0.89,0.48,7.18,411.83,5388.86
"Istanbul, Turkey",4.58,15.28,3.06,0.71,0.36,1.62,0.33,7.64,2.75,0.41,3.5,31.32,1.05,24443.15,291.55,177.72,59.33,0.11,14.2,436,0.76,0.47,0.85,0.86,0.59,0.61,1.84,1.3,0.8,1.91,0.62,9.73,282.94,6905.43
"Izmir, Turkey",3.06,12.22,2.29,0.65,0.38,1.51,0.29,6.11,2.29,0.46,3.05,22.92,1.04,24443.15,212.22,128.36,51.07,0.09,12.89,392.07,0.61,0.57,0.77,0.73,0.52,0.57,1.56,1.31,0.7,1.78,0.58,8.61,212.18,4948.41
"Helsinki, Finland",12,65,6.5,0.96,2.27,2.02,1.54,12,7.7,2.8,9.42,59.7,1.54,22000,986.93,758.13,82.66,0.07,22.31,2382.56,6,1,2.1,1.75,0.91,2.3,3.87,2.13,2.91,1.61,1.25,12.34,351.6,1641
"Chisinau, Moldova",4.67,20.74,1.04,0.68,0.33,1.11,0.59,3.61,1.56,0.1,3.55,9.33,0.98,16335.12,244.49,177.96,113.46,0.07,8.58,286.95,1.3,0.18,0.7,1.22,0.56,0.84,1.25,0.93,1.56,1.37,0.59,5.37,210.52,2679.3
"Milan, Italy",15,60,5,1.21,1.94,2.87,0.4,7,5.5,2,8.83,39,1.59,22400,1099.67,731.69,163.97,0.18,28.93,1601,5,1.12,2.13,2.05,1.28,1.27,1.46,2.25,2.45,1.99,1.27,17.75,617.27,10761.9
"Cairo, Egypt",3.38,17.48,1.69,0.84,0.51,1.04,0.29,10.72,2.26,0.28,4.18,11.28,0.45,25098.6,188,109.76,25.79,0.01,14.77,221.7,0.39,0.17,1.31,0.39,0.47,0.28,1.65,0.65,0.35,0.66,0.34,8.06,121.15,2781.29
"Banja Luka, Bosnia And Herzegovina",3.58,22.99,1.02,0.69,0.63,1.47,0.48,4.34,2.81,0.92,3.97,22.48,1.17,16859.68,219.72,159.73,141.04,0.1,21.34,430.69,1.02,0.77,0.86,1.18,0.55,0.55,0.85,1.05,0.94,1.06,0.64,7.43,128.7,1348.77
"Baku, Azerbaijan",5.27,23.73,0.84,0.83,0.26,1.03,0.43,4.75,2.11,0.16,2.92,9.63,0.49,15558.4,290.07,157.97,42.65,0.03,15.51,294.03,0.84,0.32,0.69,1.26,0.46,0.42,2.15,1.05,0.83,1.22,0.39,6.15,208.84,5657.01
"Guadalajara, Mexico",5.25,23.86,1.43,0.87,1.35,1.25,0.73,7.16,2.48,0.43,4.65,18.67,1,16535.22,309.42,186.98,22.64,0.06,27.53,498.68,1.43,0.46,1.96,1.02,1,0.73,1.99,1.04,0.98,0.94,1.03,6.88,145.75,2826.61
"Kathmandu, Nepal",1.99,11.92,2.38,0.67,0.43,1.29,0.28,6.75,1.99,0.16,3.69,7.15,0.87,29976.83,155.63,100.89,24.92,0.02,16.66,184.17,1.99,0.6,1.69,0.95,0.32,0.28,1.54,0.79,0.5,0.9,0.41,4.39,55.92,1154.07
"Hanoi, Vietnam",1.94,15.52,0.78,1.32,0.71,1.31,0.59,7.76,1.11,0.27,3.36,7.76,0.79,38808.39,318.43,192.28,67.49,0.06,9.41,354.62,0.39,0.43,2.71,1.63,0.92,0.58,1.57,0.79,0.94,0.85,0.91,7.92,166.55,8021.9
"Ho Chi Minh City, Vietnam",1.94,17.5,0.78,1.21,0.66,1.26,0.47,9.72,0.97,0.23,2.45,5.83,0.8,38894.22,421.19,284.19,51.25,0.08,10.42,347.14,0.47,0.54,2.37,1.18,0.93,0.72,1.72,0.71,0.77,0.77,0.92,9.69,109.65,7237.44
"Mexico City, Mexico",4.77,23.86,1.91,0.91,1.44,1.36,0.66,7.16,2.48,0.29,4.41,14.32,0.98,16702.48,550.18,342.38,30.09,0.06,26.34,596.3,0.62,0.29,1.93,0.82,1.07,0.76,2,0.95,1.05,0.95,1.13,6.9,211.05,4721.73
"Rome, Italy",15,55,5,1.28,1.54,2.96,0.38,6,5.5,1.5,8.32,35,1.57,20700,987.37,679.27,171.15,0.18,29.64,1466.06,4,1.41,1.88,1.84,1.33,1,1.28,2.02,2.04,1.77,1.29,14.54,523.86,11972.73
"Monterrey, Mexico",5.75,23.94,1.68,0.91,1.51,1.6,0.79,9.58,2.49,0.57,4.72,17.96,0.97,16424.2,342.55,207.9,49.81,0.05,25.84,695.46,0.67,0.38,2.14,1.01,1.21,0.79,2.28,0.87,1.23,0.88,1.44,6.01,198.98,4080.55
"Yekaterinburg, Russia",5.88,29.42,1.47,0.75,0.43,0.92,0.46,6.99,1.91,0.41,3.87,29.42,0.65,19857.48,332.66,232.83,113.13,0.02,7.61,537.99,1.47,0.21,1.29,1.21,0.43,0.52,1.65,0.83,1.31,0.97,0.41,6.79,199.74,3166.47
"Sarajevo, Bosnia And Herzegovina",3.57,20.42,1.79,0.7,0.52,1.49,0.51,4.59,2.81,0.92,3.85,27.06,1.19,17868.62,254.49,170.61,140.53,0.12,22.77,486.12,0.97,0.61,0.94,1.22,0.57,0.51,1.28,1.05,1.13,1.13,0.63,7.66,164.67,3431.24
"Kharkiv, Ukraine",4.5,18.76,0.88,0.85,0.41,1,0.4,3.75,1.43,0.3,3.48,11.42,1.09,22507.19,346.56,217.86,117.46,0.03,5.57,337.4,1.5,0.26,0.56,1.08,0.38,0.68,1.03,0.97,0.95,0.98,0.39,4.84,176.48,2033.83
"Kiev, Ukraine",5.63,22.51,1.13,0.93,0.58,1.13,0.49,3.75,1.65,0.3,3.92,12.19,1.12,21608.29,589.81,340.8,98.74,0.04,5.11,516.75,1.69,0.26,0.59,1.11,0.5,0.85,1.17,1.04,1.57,1.06,0.55,5.65,254.74,7483.6
"Calgary, Canada",13.75,42.97,4.81,1.35,1.83,2.19,1.59,10.31,11,2.34,9.17,72.87,0.72,17186.61,833.74,661.22,132.57,0.19,54.67,2956.33,2.61,1.15,2.8,2.76,1.5,1.63,3.14,2,2.42,1.21,1.58,10.19,780.68,10418.14
"Tunis, Tunisia",1.92,12.78,1.6,0.39,0.1,0.82,0.22,4.79,2.08,0.16,3.39,9.58,0.63,21863.24,173.76,121.37,30.66,0.06,17.03,285.79,0.16,0.32,1.42,0.6,0.5,0.28,0.67,0.56,0.53,1.54,0.49,8.04,72.31,1644.93
"Edmonton, Canada",13.75,48.12,4.12,1.57,1.82,2.2,1.24,10.31,9.62,2.41,8.45,66.68,0.71,16499.14,841.34,680.79,154.54,0.23,52.56,2552.22,2.58,1.13,2.68,2.54,2.14,1.72,2.95,2.53,3.09,1.11,1.53,9.78,588.27,6840.27
"Amsterdam, Netherlands",15,65,5,1.02,1.43,2.64,0.83,5.99,7,3.2,8.79,97,1.66,25505,1584.45,1195.63,169.18,0.18,40.47,2646.66,5,2.35,2.27,1.77,1.54,1.03,3.13,1.9,2.36,1.75,1.27,13.68,1542.42,13010.39
"Belgrade, Serbia",5.39,24.62,1.7,0.79,0.42,1.37,0.43,4.24,2.8,0.76,4.51,27.17,1.35,17828.77,341.08,216.64,135.76,0.1,21.45,437.24,1.44,0.55,0.72,1.03,0.52,0.38,1.41,1.09,1.02,0.98,0.5,6.65,245.94,4803.12
"Odessa, Ukraine",5.65,20.67,0.94,0.97,0.45,1.18,0.48,3.01,1.51,0.26,3.92,6.77,1.09,21584.23,344.01,232.04,94.58,0.03,5.73,360.47,1.88,0.26,0.65,1.36,0.46,0.82,1.19,0.97,1.35,1.05,0.47,5.65,210.98,2358.66
"Paris, France",15,50,7,1.24,1.52,3.4,0.9,8,8.8,1.9,12.98,75,1.56,21500,1177.51,837.76,170.29,0.19,27.15,2215.02,5,1.35,3.04,2.64,1.98,1.3,3.4,1.79,2.82,2.11,2.28,18.89,877.75,12939.69
"Eindhoven, Netherlands",15,56.5,5,0.93,1.09,2.44,0.81,5.99,7,3.99,8.44,72,1.62,24830,965.16,838,168.08,0.11,36.18,2603.84,3.19,3,2.23,1.55,1.56,1.04,2.63,1.87,2.44,1.7,1.3,14.64,1221.3,4787.5
"Plovdiv, Bulgaria",5.1,20.42,1.28,1.03,0.56,1.53,0.5,5.1,2.81,0.51,4.73,20.42,1.15,17863.74,240.77,179.23,79.71,0.14,11.57,514.73,0.5,0.43,0.89,1.16,0.55,0.42,1.27,1.08,1.32,1.3,0.64,6.03,225.8,3725.87
"Thessaloniki, Greece",10,35,3.5,1.11,0.91,3.03,0.78,6.5,4.5,1,6.68,30,1.56,18500,336.96,269.45,160.39,0.44,30.22,660.51,3.5,1,1.15,1.13,0.71,0.81,3.21,1.52,1.16,1.47,0.77,8.26,301.04,6775
"Ottawa, Canada",11,55,4.81,1.44,1.94,2.08,1.21,10.31,9.97,2.41,9.04,80.09,0.81,17186.61,961.81,745.27,102.76,0.18,43.85,2904.67,2.65,1.21,2.7,3.06,1.44,1.75,2.85,2.42,2.36,1.06,1.44,10.43,782.15,9040.16
"Sofia, Bulgaria",6.14,25.57,1.53,1.04,0.56,1.73,0.54,4.6,2.86,0.82,5.01,25.57,1.16,19518.73,370.72,285.96,89.74,0.15,10.38,708.65,0.41,0.41,1.01,1.16,0.61,0.64,1.25,1.08,1.41,1.28,0.59,7.33,325.23,4753.12
"Rotterdam, Netherlands",13,50,4,0.89,1.12,2.2,0.73,5,7,4,7.9,70.42,1.65,23600,1103.13,844.33,153.76,0.13,38.2,2312.39,3,2.17,2.09,1.47,1.28,1.03,2.73,1.7,2.47,1.73,1.21,12.69,1116.67,10142.86
"Varna, Bulgaria",6.12,20.42,1.02,1.02,0.51,1.5,0.47,4.59,2.81,0.51,4.5,20.42,1.12,18374.14,235.36,170.63,75.54,0.13,11.2,511.5,0.56,0.45,1.01,1.15,0.52,0.62,1.23,1.05,1.27,1.39,0.54,7.4,263.81,3585.51
"Novi Sad, Serbia",4.84,17.85,1.5,0.76,0.43,1.24,0.43,4.04,2.72,0.55,4.3,20,1.34,20402.08,262.4,195.75,122.93,0.09,19.3,439.58,0.85,0.48,0.71,1.09,0.49,0.39,1.11,1.03,0.88,1.1,0.51,5.87,167.1,2644.23
"Utrecht, Netherlands",15,65,5,0.92,1.15,2.45,0.8,6,7,2.6,8.39,90,1.66,23000,1135.77,791.9,193.84,0.15,35.06,2214.18,5,2.2,2.19,1.5,1.41,1.07,3.03,1.92,2.39,1.93,1.3,15.66,1450,6125
"Berlin, Germany",8.5,40,3.5,0.8,1.34,1.9,0.52,5,6.4,2.8,6.95,81,1.44,19520,896.5,651.04,231.8,0.1,29.08,2289.46,3.9,2,2.15,2.23,1.49,1.13,2.74,1.76,2.22,1.47,1.39,11.24,177.88,6829.05
"Beirut, Lebanon",8.98,53.91,3.22,1.89,0.86,2.59,0.7,8.98,2.19,1.19,7.33,53.91,0.8,19766.67,719.35,393.83,122.43,0.29,49.74,859.89,5.39,1.8,1.71,1.23,0.81,0.85,3.82,1.46,1.09,1.2,0.87,11.51,348.27,4684.61
"Austin, TX, United States",13.48,44.92,4.49,0.75,2.4,2.24,1.38,10.78,6.06,1.12,7.26,37.06,0.56,19627.4,1581.66,995.9,124.12,0.09,55.38,4097.92,2.25,1.51,4.02,3.58,2.25,1.45,3.95,2.6,3.19,1.04,1.82,10.6,890.67,17537.93
"Singapore, Singapore",8.33,39.98,6.66,2.04,1.5,1.97,1.11,19.99,9.33,1.2,5.88,79.96,1.5,76598.98,1859.98,1174.57,97.79,0.14,28.85,2988.12,2.4,0.37,3,2.72,2.01,1.41,3.66,2.01,2.01,2.22,1.92,11.35,773.41,18581.67
"Toronto, Canada",13.75,55,5.16,1.94,1.99,2.27,1.39,11,10.31,2.23,9.73,103.91,0.83,18011.56,1474.75,1180.29,95.48,0.26,44.42,2352.69,2.75,1.26,2.84,3.04,2.05,1.93,3.1,2.46,2.88,1.22,2.13,14.8,1022.99,17653.1
"Auckland, New Zealand",11.95,50.78,5.68,1.59,1.42,2.82,1.31,8.96,17.92,2.24,7.54,128.44,1.33,20909.09,1127.81,947.13,99.55,0.31,49.79,2344.96,2.27,1.49,2.23,2.4,2.18,1.71,2.83,1.68,2.93,1.7,1.66,10.36,704.18,12204.08
"Podgorica, Montenegro",5,25,1.5,0.79,0.53,1.42,0.7,4,3.2,0.9,5.17,25,1.34,16990,307.27,222.86,103.09,0.13,23.52,484.81,1,0.5,0.7,1.1,0.54,0.9,1.45,1.12,1.18,1.13,0.72,7.58,133.33,8400
"Vancouver, Canada",11.69,55,4.81,1.63,2.36,2.71,1.71,13.75,10.31,2.06,10.61,67.37,1.07,17186.61,1424.9,1133.13,62.72,0.25,48.94,2625.31,2.41,1.3,2.7,2.76,2.22,1.86,3.05,2.87,3.31,1.28,2.29,12.43,849.75,14093.02
"Tokyo, Japan",8.19,40.97,4.1,1.55,1.54,1.95,1.07,9.01,4.1,1.56,6.56,81.95,1.14,20769.54,1013.36,636.07,162.41,0.37,38.33,2657.42,3.91,3.44,6.58,5.02,3.2,1.62,3.21,5.04,5.19,2.81,2.87,19.66,604.02,17051.34
"Victoria, Canada",12.05,49.93,4.82,1.53,2.16,2.51,1.62,13.77,9.64,1.72,10.94,58.54,0.98,17217.21,1047.12,872.6,78.71,0.21,54.21,2338.36,2.34,1.35,3.06,2.66,2.37,1.76,3.12,4.41,3.52,1.05,2.15,11.18,710.97,10171.93
"Winnipeg, Canada",10.31,41.25,4.12,1.21,1.71,2.17,1.53,10.31,11,2.03,9.04,68.75,0.77,17186.61,679.1,640.46,87.74,0.19,48.43,2068.87,2.58,1.18,2.61,1.74,1.57,1.73,3.09,2.62,2.27,1.17,1.24,9.21,375.57,7763.44
"Boston, MA, United States",13.47,62.85,6.29,0.78,2.62,2.34,1.58,13.02,9.88,2.22,11,80.81,0.66,19789.8,2275.95,1716.68,119.59,0.08,61.7,4132.08,2.69,1.67,3.96,4.17,1.79,1.68,3.6,3.68,5.14,1.39,3.4,14.07,1534.76,24642.48
"Chicago, IL, United States",13.47,53.87,4.94,0.7,2.54,2.05,2.08,12.57,11.67,2.24,9.53,94.28,0.74,19614.71,1702.25,1100.17,117.08,0.16,57.23,3717.02,2.92,1.26,4.47,3.69,2.22,1.42,3.69,3.92,3.52,1.47,2.39,12.4,1025.73,15972.64
"Almaty, Kazakhstan",4.77,23.84,1.07,0.75,0.24,0.9,0.42,4.77,0.95,0.19,3.12,17.16,0.39,15494.56,288.22,178.04,58.48,0.03,10.47,374.42,0.95,0.35,1.04,1.4,0.37,1.25,1.78,0.8,1.09,1.23,0.28,5.49,153.08,4428.44
"Oslo, Norway",18.7,80.88,9,1.8,2.92,3.79,1.7,15.17,11.98,3.64,12.69,75.83,1.65,34626.88,1280.03,990.78,158.58,0.08,45.73,2985.88,10.11,1.42,2.56,2.34,1.84,2.02,4.28,2.43,3.05,2.21,1.61,25.58,319.19,10981.56
"Frankfurt, Germany",10,50,4,0.72,1.27,1.94,0.5,5,6.4,2.75,8.11,90.4,1.43,25000,986.97,723.8,265.52,0.1,30.74,2618.29,3.5,2,2.24,1.77,1.31,0.89,2.74,1.9,2.35,1.52,1.34,9.58,374.56,12630
"Bratislava, Slovakia",6,30,2,0.76,0.96,1.92,0.59,5,3.85,0.9,5.33,27,1.33,16000,635.45,486.91,180.44,0.09,15.69,1059.38,3,0.82,1.57,1.47,0.86,0.95,2.09,1.13,2.32,1.56,0.88,8.59,400.4,8060
"Dallas, TX, United States",13.48,44.92,4.49,0.64,2.2,1.85,1.41,10.78,6.29,2.7,9.1,86.25,0.56,17071.22,1322.45,961.01,139.51,0.13,59.67,4202,2.94,1.06,3.7,3.04,1.81,1.28,3.46,3.54,2.87,1.07,1.99,9.9,800.09,16891.52
"Zagreb, Croatia",6.72,33.58,2.01,0.87,0.86,2.04,0.92,5.37,4.03,0.54,6.79,48.36,1.35,19477.3,473.12,341.08,174.07,0.11,22.12,903.99,1.34,0.67,1.06,1.34,0.79,0.77,1.51,1.69,1.54,1.43,0.8,8.77,144.52,3840.88
"Hamburg, Germany",11,50,4,0.85,1.58,2,0.51,5,6.4,3.2,8.51,86,1.42,20000,873.12,647.42,232.62,0.1,31.29,2532.52,3.5,2,2.29,2.37,1.5,1.04,2.91,2.21,2.57,1.63,1.42,11.53,279.09,13891.67
"Krakow (Cracow), Poland",5.91,23.62,2.13,0.61,0.76,1.67,0.47,5.91,3.78,0.9,3.99,25.04,1.2,18568.29,513.06,392.83,173.28,0.05,12.75,855.87,1.65,0.54,0.76,1.17,0.58,0.72,2.05,0.82,1.49,1.08,0.68,8.05,195.09,6511.18
"Riga, Latvia",7,40,2.9,0.88,0.88,1.69,0.57,6,3.8,1.15,4.96,50,1.28,18000,385.07,276.53,172.23,0.09,16.2,806.02,2,0.64,1.04,1.49,0.44,1.17,2.45,1.38,1.73,1.31,0.47,6.87,332.8,12155
"Gdansk, Poland",5.91,23.62,2.13,0.59,0.67,1.97,0.45,4.72,3.78,0.76,3.91,22.21,1.19,18568.29,515,380.61,169.9,0.07,12.32,865.09,1.65,0.57,0.78,1.09,0.52,0.72,2.15,0.84,1.33,1.03,0.58,7.57,189.82,3593.18
"Santiago, Chile",6.94,34.68,2.95,0.87,1.26,2.24,0.96,5.2,4.39,0.92,4.41,43.57,0.95,13870.83,369.11,349.97,89.62,0.11,29.58,618.33,0.35,1.16,1.41,1.09,0.93,0.92,2.19,1.04,1.21,1,1.02,7.67,353.88,5825.36
"Nairobi, Kenya",4.43,26.58,2.04,0.94,0.52,1.55,1.11,8.86,2.22,0.71,6.07,26.58,0.99,14620.32,383.88,170.65,46.9,0.03,51.91,327.85,2.22,1.77,2.37,1.75,1.23,0.74,2.27,1.67,1.2,1.06,1.03,4.6,176.06,9069.26
"Abu Dhabi, United Arab Emirates",6.12,48.92,9.78,1.53,1.2,2.29,0.62,17.12,5.14,0.49,5.73,19.57,0.54,20179.96,1167.16,888.13,116.51,0.13,93.29,2369.85,2.94,0.46,2.19,1.84,0.97,1.58,4.59,1.53,1.65,1.88,0.92,10.41,532.13,9480.36
"Houston, TX, United States",13.48,53.91,5.39,0.68,2.03,1.92,1.38,10.78,6.29,1.12,6.45,44.25,0.57,20170.99,1258.81,859.49,122.34,0.13,54.13,3568.78,2.52,1.54,3.19,3.1,1.95,1.15,4.03,3.09,2.07,1.25,1.59,9.17,806.88,18762.48
"Tbilisi, Georgia",4.67,18.69,0.93,0.97,0.28,1.12,0.36,4.36,1.56,0.16,2.82,9.34,0.78,9343,306.63,184.31,52.69,0.08,14.09,248.07,0.93,0.23,0.74,0.98,0.38,0.42,1.4,0.91,0.86,1.13,0.37,5.23,97.73,1914.46
"Dubai, United Arab Emirates",7.33,48.89,11,1.4,1.12,2.67,0.55,14.67,5.13,1.47,6.58,61.11,0.56,19555.79,1348.79,888.37,156.63,0.11,90.42,2577.55,2.93,0.49,1.97,1.48,0.91,1.46,4.4,1.68,1.46,1.59,0.73,10.75,490.9,9343.89
"Bogota, Colombia",3.3,19.24,0.96,0.76,0.81,1.36,0.77,8.24,1.65,0.66,3.19,32.98,0.68,16488.6,341.45,245.33,76.59,0.05,29.06,306.08,1.24,1.37,1.83,0.76,0.62,0.69,1.18,0.82,0.95,0.71,0.74,4.31,223.12,5386.28
"Brno, Czech Republic",5.95,25.19,1.39,0.71,0.89,1.65,0.53,4.76,4.17,0.99,5.83,21.82,1.29,17851.84,558.68,439.63,145.16,0.13,17.58,1022.13,2.38,1.19,1.19,1.34,0.75,0.83,1.88,1.42,2.01,1.2,0.71,9.85,332.95,5549.5
"Munich, Germany",12,60,3.8,0.86,1.56,2.3,0.58,5,6.5,2.9,7.59,66,1.43,22500,1198,873.39,242.66,0.1,34.09,2627.51,3.7,1.9,2.26,2.12,1.19,0.9,2.98,1.8,2.49,1.79,1.24,12.24,567.78,11166.67
"Poznan, Poland",5.9,23.61,2.01,0.63,0.7,1.87,0.39,4.72,3.74,0.94,3.61,26.7,1.2,18558.88,443.21,351.37,155.6,0.06,11.62,791.94,1.42,0.57,0.69,1.11,0.53,0.71,2.06,0.72,1.43,0.96,0.67,7.11,197.95,3659.83
"Las Vegas, NV, United States",13.47,53.87,5.39,0.7,1.81,1.64,1.05,11.63,7.17,1.8,5.68,58.36,0.76,18856.43,992.86,874.56,138.51,0.19,64.64,3132.38,3.14,1.54,2.86,2.34,2.17,1.27,3.65,2.98,2.99,1.32,1.79,10.05,786.6,12507.1
"London, United Kingdom",17.49,64.15,5.83,1.13,1.27,2.39,0.91,9.33,12.83,2.92,7,167.34,1.51,23325.97,2015.24,1420.02,186.96,0.13,37.07,2756.93,4.67,2.97,2.11,2.39,1.37,0.88,3.3,1.52,2.68,1.34,1.2,9.79,1605.65,21240
"Los Angeles, CA, United States",13.47,58.36,5.39,0.87,2.99,2.91,1.77,10.77,8.87,1.57,9.9,89.79,0.94,19753.89,1980.11,1564.78,111.99,0.11,55.74,3968.48,2.69,1.67,3.93,2.73,2.36,1.25,4.01,3.25,2.98,1.81,1.82,11.6,951.17,19335.55
"Panama City, Panama",8.98,35.94,2.58,1.38,1.79,1.95,1.46,8.31,4.69,0.22,6.55,17.97,0.72,16172.73,811.63,547.73,90.98,0.11,41.58,706.33,1.8,1.8,3.26,2.59,1.76,2.02,2.63,1.51,2.68,1.44,1.88,9.79,231.77,6092.58
"Seoul, South Korea",6.42,31.11,3.11,1.95,2.47,2.67,1.17,15.55,3.5,0.97,7.48,42.78,1.18,24887.49,714.76,465.05,150.79,0.11,19.76,2120.34,2.96,0.59,6.7,5.79,3.8,2.24,3.72,3.61,5.76,3.5,2.83,29.31,323.08,16410.38
"Warsaw, Poland",5.91,28.35,2.36,0.63,0.76,1.86,0.5,5.91,3.9,1.04,4.27,25.99,1.19,18568.29,616.05,467.73,147.35,0.06,12.7,979.42,1.89,0.57,0.73,1.21,0.62,0.81,2.49,0.87,1.5,1.07,0.66,9.74,327.54,7943.07
"Prague, Czech Republic",5.95,29.75,1.59,0.77,0.98,1.7,0.53,5.16,4.05,0.95,6.07,21.82,1.29,17812.17,805.86,593.84,177.27,0.13,19.95,1183.75,1.59,1.11,1.25,1.41,0.92,0.99,2.17,1.42,1.79,1.22,0.86,9.25,480.35,8672.3
"Wroclaw, Poland",5.91,25.99,1.89,0.56,0.75,1.9,0.45,5.91,3.78,0.8,4.01,21.26,1.19,16772.88,517.55,411.5,162.51,0.06,12.26,848.11,1.42,0.59,0.68,1.15,0.54,0.79,2.12,0.83,1.46,1.06,0.66,8.2,255.31,6726.13
"Kuala Lumpur, Malaysia",2.87,16.6,3.32,1.45,0.74,1.19,0.52,15.48,3.85,0.55,2.64,22.11,0.47,33823.9,478.24,273.76,48.02,0.06,26.76,923.24,0.66,0.44,2.41,1.9,0.73,0.88,2.53,1.05,1.11,1.34,0.74,7.35,167.18,6040.38
"New York, NY, United States",17.97,76.37,6.29,1.04,3.33,3.28,2.07,13.48,13.48,2.47,12.37,114.11,0.71,19627.4,2854.26,1788.76,116.65,0.09,55.18,4665.46,2.7,1.59,5.63,5.7,3.81,1.94,4.22,5.7,5.33,2.17,3.07,13.56,2106.38,34441.93
"Copenhagen, Denmark",17.4,80.29,6.69,1.21,2.75,3.07,1.07,8.03,6.02,3.21,8.7,53.53,1.5,33453.16,1234.4,919.12,196.67,0.12,34.45,2803.98,6.69,2.01,2.44,2.61,1.63,1.45,5.21,1.98,3,2.25,1.33,11.38,429.52,7549.8
"Ljubljana, Slovenia",8,35,2.6,0.91,1.08,2.29,0.59,6,4.1,1.3,7.69,37,1.3,19000,579.89,448.26,199.61,0.07,33,1155.72,1,0.9,1.36,1.36,0.85,1.18,1.48,1.46,1.95,1.21,0.94,9.42,368.78,10118.75
"Chandigarh, India",2.54,10.16,1.9,0.7,0.44,0.78,0.42,12.7,3.81,0.25,3.58,6.35,0.91,10791.47,149.06,88.87,60.44,0.01,10.73,380.27,0.63,0.15,1.8,0.99,0.29,0.54,1.39,0.9,0.43,0.76,0.39,5.95,48.37,1743.81
"Colombo, Sri Lanka",1.49,14.9,1.49,1.09,0.42,1.08,0.49,12.42,5.96,0.12,3.56,4.97,0.71,24834.98,325.83,116.89,37.91,0.01,13.95,244.23,0.3,0.25,2.4,2.17,0.84,0.76,2.21,0.52,0.76,0.83,0.74,5.25,45.28,788.02
"Noida, India",3.8,12.66,1.39,0.61,0.4,0.84,0.37,9.65,3.16,0.51,3,12.66,0.94,10124.87,153.28,94.92,61.65,0.01,11.58,536.67,0.63,0.15,1.81,0.86,0.26,0.59,1.45,1.02,0.45,0.7,0.35,4.51,87.89,2190.01
"Kaunas, Lithuania",6,30,2.7,0.85,1.13,1.53,0.76,7.5,3.75,1,5.07,28,1.18,18000,359.31,246.21,122.48,0.06,10.14,771,0.8,0.55,0.88,1.32,0.46,1.17,2.12,1.12,1.61,1.03,0.48,7.12,308.57,6000
"Athens, Greece",10,40,4,1.23,0.79,2.92,0.83,7.5,4.5,1.4,7.06,30,1.59,18000,377.05,338.69,138.77,0.34,31.08,787.01,3.5,0.74,1.34,1,0.94,0.62,3.15,1.7,1.58,1.44,0.86,9.27,366.83,7385.58
"Phoenix, AZ, United States",10.77,53.87,3.59,0.51,2.18,1.85,1.62,9.88,6.73,1.8,7.9,57.47,0.7,19156.78,1092.25,824.8,161.5,0.1,67.23,3113.47,2.92,1.24,2.93,3.03,1.99,1.06,3.6,4.53,3.19,1.38,1.91,9.6,678.35,13498.49
"Hong Kong, Hong Kong",5.78,46.26,5.78,2.54,1.84,2.75,1.57,13.88,6.82,1.16,9.24,56.96,1.96,28915.3,2041.88,1405.71,176.27,0.08,21.61,2387.66,2.78,0.98,3.07,2.73,2.09,1.36,4.15,1.82,2.82,2.06,2.13,14.93,640.36,16701.41
"Portland, OR, United States",12.58,44.92,4.49,0.78,2.83,2.62,1.75,12.58,6.29,2.25,9.98,89.85,0.77,21563.64,1399.8,1045.69,150.98,0.12,60.86,3403.15,2.7,1.45,4.7,3.22,1.78,1.47,3.85,3.91,3.67,1.3,1.9,14.63,1076.09,16387.06
"Lisbon, Portugal",8.5,35,2,0.65,1.11,1.67,0.63,5,5,1.5,5.23,40,1.56,25000,886.21,619.04,99.29,0.21,32.35,913.81,3.48,0.47,1.48,1.12,0.99,0.92,1.44,0.9,1.54,1.06,1.01,9.48,421.38,7840.74
"Beijing, China",3.91,26.04,1.95,1.7,1.6,1.68,0.56,13.02,2.6,0.52,3.15,24.74,0.93,18230.92,946.89,575.19,55.03,0.03,12.43,1137.26,1.69,0.3,1.7,1.6,0.69,0.62,3.99,1.13,1.05,1.28,0.67,7.69,625.68,20125.06
"Cape Town, South Africa",8.91,35.81,2.18,0.91,0.86,1.95,1.02,4.36,2.49,0.93,5.23,26.47,0.98,18683.75,695.92,468.15,62.35,0.1,61.33,1140.76,1.25,0.62,1.49,1.33,1.03,0.95,1.73,1.45,1.15,1.25,0.93,6.78,186.87,3441.21
"Tirana, Albania",4.1,24.62,1.27,1.07,0.61,1.47,0.44,6.57,2.63,0.33,4.18,13.13,1.46,16413.03,296.37,175.58,68.27,0.21,19.18,336.43,2.05,2,0.89,1.06,0.66,0.78,1.2,1.09,0.9,1.32,0.66,6.89,127.15,2323.77
"Porto, Portugal",7,30,2,0.67,1.25,1.79,0.56,4,5,1.27,5.38,31,1.53,25900,682.5,507.14,101.15,0.15,31.12,801.61,3.5,0.48,1.71,1.34,0.99,0.95,1.61,0.86,1.36,1.2,1.23,9.41,324,5992.86
"Durban, South Africa",7.47,25.53,1.62,0.87,0.79,1.52,1.05,3.27,2.49,0.93,3.94,23.35,0.97,17242.92,302.38,325.53,76.88,0.12,58.2,933.21,1.17,0.75,1.25,1.25,0.78,0.85,1.58,1.11,0.92,0.98,0.82,5.72,159.71,3425.69
"Budapest, Hungary",5.99,29.96,1.5,0.7,0.69,1.49,0.34,4.04,4.04,1.05,4.37,28.46,1.19,17376.41,480.55,356.04,147.94,0.08,13.06,755.32,2.1,0.9,1.03,1.16,0.83,0.94,1.41,1.02,1.78,1.28,0.89,7.62,273.3,6677.13
"Vilnius, Lithuania",7,35,3,0.86,0.97,1.53,0.66,6.5,3.95,1,4.52,29,1.2,17500,488.14,329.77,115.86,0.08,11.03,912.37,1,0.6,0.84,1.14,0.41,1,2.1,1.41,1.36,1,0.48,6.47,345,7031.25
"Johannesburg, South Africa",8.47,31.37,1.73,1,0.85,1.91,1.01,4.39,2.82,1.88,4.59,50.2,1.01,18824,421.71,369.1,83.28,0.11,59.93,1089.06,1.25,0.72,1.38,1.45,1.03,0.96,1.67,1.25,1.3,1.13,1.03,6,217.14,4754.58
"Barcelona, Spain",11,40,2.5,0.86,0.99,1.56,0.61,6,5,2.15,6.46,50,1.33,22000,950.28,725.42,136.65,0.13,42.57,1444.48,2.5,1.15,1.73,1.34,0.99,0.94,1.79,1.02,1.51,1.53,1.24,10.26,438.89,7885
"San Diego, CA, United States",13.48,53.91,5.39,0.88,3.27,3.2,1.63,10.78,7.19,2.25,8.4,64.69,0.92,20665.15,1816.1,1479.24,123.99,0.17,56.97,4293.13,2.52,1.67,3.31,2.21,2.27,1.19,3.83,3.96,3.36,1.6,2.06,10.74,967.85,16232.63
"San Francisco, CA, United States",15.95,71.88,6.29,0.98,3.12,2.82,1.74,13.48,10.78,2.47,12.11,72.78,0.95,19802.61,3131.06,2527.11,127.73,0.09,60,6532.21,3.14,1.95,4.38,3.11,3.49,1.17,4.06,4.15,4.33,1.79,2.47,14.53,1959.36,25657.74
"Lima, Peru",3.26,21.71,1.9,1.26,1.44,1.73,0.9,9.5,3.66,0.41,4.3,23.2,1.04,15479.65,435.67,279.01,63.97,0.17,34.82,439.49,1.97,1.36,1.62,0.98,0.94,0.72,2.14,0.96,1.15,1.16,0.96,7.21,222.68,5049.27
"Seattle, WA, United States",13.48,62.89,5.39,0.77,2.76,2.4,1.68,13.48,9.66,2.47,11.23,88.95,0.84,22462.12,1919.17,1450.04,144.15,0.09,58.46,4741.65,2.34,1.51,4.69,3.38,2.3,1.73,3.81,4.1,4.28,1.67,2.32,13.11,1568.61,19730.73
"Brasov, Romania",6.27,20.91,1.25,0.91,0.57,1.87,0.47,4.18,3.71,0.52,3.97,17.77,1.2,15960,304.39,228.7,100.39,0.02,7.53,554.56,0.42,0.43,0.68,1,0.48,0.5,1.41,1.07,1.05,1.07,0.54,6.97,225.24,4127.26
"Bucharest, Romania",6.28,27.21,1.78,1.02,0.58,2.07,0.51,4.6,3.98,0.27,4.48,10.47,1.2,16534.62,401.41,268.02,89.13,0.07,8.47,658.66,0.42,0.42,0.9,1.06,0.68,0.6,1.87,1.09,1.23,1.2,0.71,6.88,321.02,6232.03
"Tashkent, Uzbekistan",3.59,15.72,0.9,0.64,0.15,0.92,0.28,2.7,1.17,0.13,2.35,13.48,0.46,17071.22,209.86,124.02,31.53,0.02,35.48,205.98,0.54,0.18,0.93,2.22,0.38,0.21,1.11,0.82,0.63,1.79,0.25,4.76,125.64,3996.17
"Ahmedabad, India",1.9,8.86,1.9,0.64,0.45,0.83,0.35,7.59,3.16,0.25,3.39,5.06,0.91,10757.68,199.17,149.35,47.94,0.01,7.34,303.54,0.63,0.19,1.48,0.77,0.28,0.49,1.4,0.74,0.41,0.48,0.33,5.7,51.34,1218.73
"Cluj-Napoca, Romania",5.23,23,1.57,0.98,0.64,2.01,0.54,4.18,3.87,0.52,4.22,14.64,1.21,15681.1,387.79,284.75,91.85,0.07,7.34,642.86,0.52,0.48,0.72,0.97,0.5,0.57,1.6,0.89,1.16,1.05,0.53,6.32,262.05,4327.18
"Madrid, Spain",12,40,3,0.83,1.05,1.65,0.71,5.45,5,1.5,6.23,54.6,1.34,20000,933.23,703.38,119.87,0.17,41.89,1578.77,3,1.1,1.75,1.56,1.05,0.99,1.76,1.03,1.77,1.7,1.11,10.71,442.96,7353.81
"Tallinn, Estonia",8,45,4,0.7,0.87,1.58,0.58,7,4.25,2,5.28,23,1.35,17600,533.33,364.36,175.25,0.04,22.88,1188.81,2.5,0.5,1.13,1.37,0.49,0.99,2.79,1.39,1.93,1.06,0.56,8.34,250.94,7666.24
"Bangalore, India",2.53,12.66,1.9,0.53,0.44,0.81,0.36,7.59,3.8,0.38,3,15.82,0.98,11390.48,213.5,124.18,22.24,0.01,12.42,579.22,0.63,0.23,2.08,0.93,0.36,0.54,1.63,0.68,0.39,0.68,0.41,4.42,87.82,2473.25
"Iasi, Romania",5.23,20.93,1.26,0.9,0.54,1.97,0.53,4.19,3.77,0.52,4.21,16.74,1.19,15697.62,272.07,202.65,115.11,0.07,6.8,529.52,0.52,0.52,0.76,1.02,0.53,0.57,1.48,0.95,1.08,1.08,0.63,6.17,216.07,3218.01
"Chennai, India",1.52,7.59,1.9,0.6,0.41,0.75,0.39,6.33,3.8,0.25,2.8,12.66,0.98,11390.48,163.9,98.51,35.72,0.01,11.19,403.82,1.27,0.19,2.03,1.08,0.45,0.36,1.3,0.67,0.41,0.78,0.45,4.17,51.12,1470.3
"Doha, Qatar",6.18,49.47,11.13,1.62,1.4,2.53,0.51,28.32,5.19,0.74,6.07,37,0.48,17315.57,1320.12,874.29,64.59,0.15,78.31,2827.76,2.47,0.47,1.8,1.42,0.99,1.48,4.62,1.43,1.6,1.4,0.77,8.98,537.35,8918.89
"Delhi, India",3.8,15.19,1.9,0.64,0.4,0.87,0.37,9.49,3.8,0.38,3.35,12.66,0.94,10124.87,200.32,123.19,51.68,0.01,9.76,473.8,0.63,0.19,1.63,0.76,0.29,0.43,1.64,0.79,0.45,0.67,0.34,5.19,68.71,1674.83
"Gurgaon, India",3.8,12.66,1.96,0.63,0.4,1.01,0.35,10.12,3.8,0.51,3.39,13.92,0.94,10757.68,238.36,146.22,63.53,0.01,12.81,859.33,0.63,0.16,2.02,0.93,0.3,0.6,1.71,0.9,0.49,0.71,0.36,6.04,104.09,2512.76
"Valencia, Spain",8.75,35,2,0.67,0.81,1.52,0.38,4,5,1.5,5.92,41.9,1.3,18000,672.08,463.64,113.44,0.18,35.26,1342.17,4,1.08,1.51,1,0.83,0.85,1.53,0.88,1.46,1.34,0.92,10.42,405.64,7422.22
"Vienna, Austria",10,45,4,1.03,1.75,2.55,0.54,6.99,5.5,2.4,8.95,48,1.24,22700,858.37,621.65,158.45,0.04,30.86,1900.43,4,1.42,1.99,2.08,1.29,1.19,3.19,1.26,2.33,1.67,1.34,14.3,211.88,16035.71
"Hyderabad, India",1.9,8.86,1.52,0.62,0.45,0.78,0.37,8.86,3.8,0.25,3.02,12.02,0.98,11517.04,156.95,92.66,21.79,0.01,9.47,441.12,0.63,0.19,1.94,0.98,0.35,0.57,1.17,0.65,0.44,0.57,0.33,4.16,60.32,1715.91
"Montevideo, Uruguay",8.41,31.23,1.92,0.67,1.69,2.04,1.06,5.65,3.6,0.91,6.19,36.04,1.31,26432.17,428.25,338.45,98.22,0.16,28.65,642.49,0.99,0.62,1.52,1.1,1.27,0.9,2.35,1.01,1.72,1.81,1.16,7.1,275.58,5749.21
"Tel Aviv-Yafo, Israel",15.54,64.75,7.77,1.54,2.24,3.19,1.28,12.95,9.07,1.53,9.41,55.69,1.64,34966.12,1326.91,993.88,197.25,0.04,24.84,2306.23,3.21,0.96,2.67,1.69,1.22,1.78,3.4,2.25,1.58,2.26,1.02,19.92,837.46,9237.96
"Timisoara, Romania",5.23,20.91,1.25,0.92,0.68,2.11,0.49,4.18,3.61,0.52,4.06,18.82,1.19,15960,287.68,217.44,95.29,0.03,7.53,613.27,0.52,0.52,0.74,0.96,0.5,0.56,1.42,0.89,1.06,1.07,0.5,7.42,256.78,3668.81
"Taipei, Taiwan",3.61,24.04,1.77,2.64,1.63,2.24,1.12,13.52,3.31,0.6,7.79,38.47,0.88,27049.67,487.78,323.83,68.8,0.13,20.55,1340.77,2.1,0.75,4.43,2.53,2.58,1.39,2.64,3.05,2.96,1.93,2.04,18.99,464.55,10610.54
"Kolkata, India",2.53,10.76,1.87,0.5,0.29,0.78,0.35,7.59,3.8,0.13,2.43,3.16,0.96,10757.68,138.31,79.35,29.47,0.01,7.72,323.06,0.38,0.22,1.63,1.05,0.27,0.32,1.38,0.59,0.43,0.6,0.36,4.15,37.06,1126.1
"Skopje, Macedonia",4.87,16.25,1.62,0.84,0.47,1.38,0.43,4.87,2.27,0.57,4.58,24.37,1.1,16978.82,233.43,168.07,107.26,0.1,15.11,393.01,0.65,0.41,0.73,0.87,0.5,0.35,1.37,1.05,0.88,0.94,0.54,6.6,167.42,3238.83
"Shanghai, China",4.56,26.04,1.3,2.39,1.76,2.3,0.61,15.63,2.73,0.52,4.4,26.04,0.92,18230.92,970.31,477.33,51.7,0.03,14.26,1111.52,1.82,0.39,2.19,2.08,1,0.58,3.82,1.13,1.33,1.56,1.01,12.53,676.74,22470.47
"Bangkok, Thailand",1.78,23.74,2.37,1.51,0.99,1.67,0.51,22.25,4.38,1.04,2.7,35.61,0.89,38574.86,611.26,299.91,88.89,0.05,20.69,668.6,1.04,0.25,2.81,2.2,1.24,0.95,2.07,1.2,1.41,1.16,1.13,12.62,244.68,13741.17
"Mumbai, India",3.8,15.19,2.28,0.68,0.41,0.84,0.36,7.59,3.8,0.25,3.28,3.8,1,10757.68,515.42,263.33,47.45,0.01,9.09,487.96,0.28,0.28,1.85,1.07,0.33,0.61,1.92,0.73,0.47,0.65,0.37,4.16,63.14,2070.3
"Reykjavik, Iceland",17.96,109.16,8.73,1.2,2.91,4.8,1.57,18.19,10.18,3.42,14.72,93.15,1.63,26126.4,1458.29,1203.14,88.14,0.15,59.63,2908.86,5.02,2.28,2.09,1.96,1.86,2.2,4.11,2.37,3.37,1.66,1.42,20.84,245.58,6731.73
"Amman, Jordan",6.34,38.02,6.34,1.49,0.43,1.89,0.53,19.01,3.17,0.63,6.06,38.02,1.07,30414.16,373.84,261.02,80.62,0.05,38.86,545.55,0.44,0.39,1.88,1.28,0.88,0.59,3.74,1.43,0.74,1.6,0.71,10.96,240.53,4568.62
"Pune, India",3.16,12.66,2.28,0.63,0.44,0.85,0.37,7.59,3.8,0.25,3.01,12.66,1,11390.48,205.68,127.68,26.65,0.01,11.7,531.09,0.63,0.23,2.05,1.09,0.33,0.56,1.61,0.7,0.48,0.68,0.37,4.74,71.29,1467.45
"Stockholm, Sweden",11.4,66.47,6.55,1.16,2.18,2.81,1.61,9.5,6.17,3.8,9.81,84.51,1.49,20354.4,1167.36,804.1,75.9,0.12,27.98,2476.17,4.27,1.31,2.47,2.35,1.18,1.81,3.64,2.43,3.11,2.21,1.2,14.86,116.13,5785.11
"Buenos Aires, Argentina",5.99,20.97,1.5,0.81,1.1,1.35,0.85,3,1.62,0.3,3.69,10.78,0.79,16200.77,245.13,197.02,68.07,0.13,24.79,483.99,0.72,0.34,1.02,0.54,0.53,0.77,1.46,0.77,1.02,1.13,0.74,4.71,162.72,3114.28
"Minsk, Belarus",8.93,27.95,1.8,0.68,0.56,1.11,0.58,7.19,1.37,0.27,3.34,13.48,0.71,13477.27,376.92,244.9,48.29,0.04,12.84,433.37,1.68,0.25,0.95,1.5,0.42,0.93,1.64,1.02,1.76,1.13,0.48,6.11,402.08,5345.2
"San Jose, Costa Rica",6.29,42.47,2.36,1.23,1.69,2.5,2.16,12.58,3.46,0.63,7.01,42.12,1,20446.99,461.72,405.66,65.12,0.06,65.3,708.44,1.02,1.04,3.76,2.08,1.81,0.94,2.64,1.82,2.28,1.29,1.92,8.87,322.57,7231.91
"Casablanca, Morocco",4.45,20.63,2.58,0.67,0.84,1.2,0.54,7.97,3.28,0.47,4.39,21.57,0.97,20632.89,386.18,180.27,35.74,0.13,31.63,405.7,0.7,0.68,1.33,0.52,0.46,0.34,1.51,1.09,0.44,1.21,0.52,7.43,142.24,4031.18
"Lodz, Poland",4.72,23.61,1.77,0.55,0.61,1.76,0.44,4.72,3.78,0.66,3.77,21.25,1.17,18558.88,362.66,280.88,172.01,0.06,12.53,689.44,1.42,0.47,0.66,1.07,0.49,0.7,1.73,0.82,1.35,0.98,0.82,7.2,230.29,3407.97
"Montreal, Canada",10.31,44.69,4.81,1.4,2.39,2.23,1.42,11.68,8.25,2.41,10.8,59.47,0.88,16499.14,871.26,551.99,66.62,0.23,42.59,2182.51,2.41,1.2,2.55,2.74,1.69,1.66,2.83,2.09,3.01,1.33,1.73,11.84,450.09,5704.32
"Sao Paulo, Brazil",6.58,28.51,1.97,0.74,1.35,1.62,0.61,8.77,2.19,0.94,2.76,45.82,0.92,20133.28,448.08,294.58,54.21,0.37,24.2,470.25,1.1,0.6,1.44,0.94,0.98,0.59,1.46,0.91,1.48,1.08,1,6.13,382.48,10102.57
"Gothenburg, Sweden",10.45,75.97,6.31,1.1,2.32,2.53,1.3,9.02,6.17,2.66,9.16,62.44,1.49,18991.75,952.59,715.92,51.69,0.08,30.42,2183.46,4.84,1.36,2.4,2.18,1.03,1.84,3.58,2.31,2.83,2,1.13,14.08,127.02,1660.95
"Dublin, Ireland",15,60,5.8,0.95,1.42,2.79,1.41,12,12.7,3,8.35,125,1.44,24000,1692.24,1405.38,169.12,0.26,54.01,2531.16,4,1.35,2.09,2.3,1.56,0.96,3.2,1.59,2.77,1.9,1.14,9.24,1041.49,8078.42
"Moscow, Russia",8.8,36.69,2.93,1.03,0.62,1.26,0.62,7.34,2.2,0.73,4.13,31.84,0.68,20969.6,888.23,518.48,126.36,0.03,6.79,970.29,1.89,0.21,1.28,1.31,0.52,1.11,2.43,1.09,2.21,0.97,0.5,7.72,523.31,10478.53
"Santo Domingo, Dominican Republic",5.1,34.01,1.7,1.03,1.23,1.64,1.17,10.2,3.4,0.43,4.47,34.01,1.05,20780.4,381.17,203.64,53.67,0.15,50.03,335.33,3.4,2.55,1.75,1.33,1.23,0.96,1.51,0.93,1.02,0.63,1.59,6.78,152.38,5318.02
"Adelaide, Australia",11.19,40.39,4.97,0.97,1.44,2.5,1.46,9.32,18.64,2.36,6.45,61.52,0.93,15534.8,817.81,601.79,119.44,0.32,41.95,2653.26,2.8,1.16,2.63,2.12,1.75,1.76,2.63,1.61,2.61,2.11,1.52,10.09,396.25,8815.92
"Zurich, Switzerland",23.12,92.46,6.24,1.58,2.88,5.33,1.13,12.02,7.86,3.88,25.23,78.59,1.53,22606.84,1701.77,1263.69,162.87,0.26,48.71,5714.8,6.47,4.16,3.82,4.1,2.75,2.58,4.66,2.52,3.79,2.89,2.69,46.09,2194.64,28414.08
"Yerevan, Armenia",4.7,22.54,1.13,0.82,0.43,1.44,0.44,5.64,1.13,0.19,4.17,11.27,0.83,16043.44,320.04,170.55,60.06,0.03,14.09,295.66,1.13,0.19,0.9,1.07,0.44,0.37,1.95,1.08,0.71,1.2,0.5,5.96,141.66,3020.37
"Manila, Philippines",3.56,17.82,1.25,1.48,1.05,1.51,0.69,6.68,1.78,0.27,3.13,12.05,0.92,16000.78,552.51,192.18,120.87,0.14,45.47,358.2,0.71,0.24,2.17,1.76,1.6,0.93,2.29,0.91,1.21,1.26,1.71,5.12,143.94,5990.32
"Brisbane, Australia",12.38,49.54,4.95,0.9,1.73,2.45,1.34,12.38,18.58,2.48,6.23,94.23,0.92,15479.87,1041.75,757.35,108.52,0.18,47.06,3030.03,2.6,1.34,2.58,2.55,1.95,1.49,2.8,1.43,3.24,2.05,1.6,10.46,1074.36,8746.12
"Jakarta, Indonesia",2.62,16.4,2.62,1.24,1.11,1.52,0.49,29.52,1.64,0.23,2.99,11.41,0.6,26244.34,401.19,224.82,96.12,0.12,26.47,414.33,0.46,0.33,2.8,2.35,1.44,1.07,2.32,0.86,1.38,1.46,2.22,8.08,140.45,5755.87
"Ankara, Turkey",3.82,15.28,2.75,0.69,0.41,1.4,0.26,6.87,2.44,0.46,3.38,22.92,1.07,24198.72,198.86,125.32,54.61,0.11,14.11,440.17,0.69,0.46,0.8,0.74,0.56,0.53,1.7,1.26,0.79,1.78,0.51,9.24,242.55,5303.45
"Lviv, Ukraine",3.75,18.76,1.5,0.85,0.46,1.21,0.46,4.03,1.54,0.26,3.6,5.63,1.14,20706.61,364.65,249.9,88.45,0.03,4.44,341.38,1.88,0.26,0.76,1.33,0.38,0.62,1.15,1.02,1.34,1.13,0.41,5.65,192.51,2729
"Novosibirsk, Russia",5.72,22.01,1.1,0.85,0.49,1,0.5,5.87,1.91,0.32,3.88,11.01,0.64,18196.16,344.85,225.13,94.51,0.03,7.96,436.28,1.58,0.15,1.48,1.26,0.37,0.63,1.88,0.95,1.8,1.1,0.36,7.2,222.83,2474.58
"Bursa, Turkey",3.82,11.47,2.37,0.69,0.42,1.63,0.29,7.65,2.29,0.51,3.15,22.95,1.05,22948.67,177.53,121.74,67.46,0.12,12.93,443.85,0.64,0.5,0.81,0.81,0.5,0.53,1.59,1.4,0.79,1.73,0.55,10.08,200.51,4036.19
"Brussels, Belgium",15,60,4,0.97,1.64,2.65,0.94,7,6.7,2.1,9.07,49,1.44,20200,838.2,686.19,122.98,0.23,43.43,2289.69,3,1.95,2.17,2.24,1.5,1.29,3.17,2.19,2.07,1.63,1.3,13.56,695.44,18342.86
"Jerusalem, Israel",15.56,62.24,7.26,1.43,1.54,3.32,1.5,10.37,9.08,1.53,8.33,55.23,1.67,34229.98,919.4,740.05,166.88,0.13,24.16,1911.12,3.11,0.95,2.76,1.35,0.89,1.19,2.8,2.06,1.31,1.78,0.94,13.52,566.18,4019.43
"Melbourne, Australia",10.22,49.54,5.57,0.9,1.88,2.85,1.28,9.29,19.01,2.72,6.64,95.36,0.91,15479.87,1134.86,859.46,127.87,0.12,43.28,2791.96,3.1,1.11,2.56,2.15,2.24,1.57,2.63,1.58,3.06,2.2,1.78,9.42,1250.41,12874.09
"Perth, Australia",12.43,56.55,5.9,1.03,1.76,2.59,1.68,9.32,18.64,2.58,6.9,84.02,0.87,16149.98,897.5,639.56,129.02,0.32,43.78,2493.77,3.11,1.07,2.41,2.15,1.54,1.26,2.86,1.96,2.4,2.11,1.29,9.49,1190.12,11526.08
"Sydney, Australia",11.81,54.37,4.97,0.9,1.85,2.79,1.29,11.19,20.82,2.73,7.15,130.49,0.93,15845.5,1568.39,1140.67,110.7,0.38,43.51,3018.36,2.49,1.37,2.77,2.38,2.08,1.59,2.48,1.65,3.01,2.17,1.72,11.24,1389.43,11933.55
"Alexandria, Egypt",2.81,14.06,1.69,0.81,0.51,1.02,0.26,7.03,2.25,0.23,4.07,8.44,0.39,23626.73,142.04,84.65,18.56,0.01,16.57,163.94,0.34,0.14,1.48,0.4,0.37,0.2,1.45,0.66,0.39,0.66,0.31,8.37,55.41,2132.54
"Quito, Ecuador",3.59,31.45,1.35,0.87,1.35,1.59,0.93,11.68,4.49,0.22,6.01,23.81,0.54,21563.64,369.07,221.89,39.64,0.11,36.77,527.18,1.35,1.35,2.07,1.32,1.02,0.58,1.81,1.34,1.06,0.99,0.94,6.46,276.63,6410.05
